{"loss": 0.5487862747430802, "test_acc": 86.11999999999999, "_timestamp": 1661747219, "_runtime": 5536, "_step": 49, "_wandb": {"runtime": 5535}}