{"loss": 1.2671125494003297, "test_acc": 54.56999999999999, "_timestamp": 1661309809, "_runtime": 638, "_step": 5}